[
  {
    "value": "15",
    "synonyms": [
      "15"
    ]
  },
  {
    "value": "10",
    "synonyms": [
      "10"
    ]
  },
  {
    "value": "50",
    "synonyms": [
      "50"
    ]
  },
  {
    "value": "5",
    "synonyms": [
      "5"
    ]
  },
  {
    "value": "20",
    "synonyms": [
      "20"
    ]
  },
  {
    "value": "25",
    "synonyms": [
      "25"
    ]
  },
  {
    "value": "30",
    "synonyms": [
      "30"
    ]
  },
  {
    "value": "33",
    "synonyms": [
      "33"
    ]
  },
  {
    "value": "52",
    "synonyms": [
      "52"
    ]
  },
  {
    "value": "7",
    "synonyms": [
      "7"
    ]
  },
  {
    "value": "9",
    "synonyms": [
      "9"
    ]
  },
  {
    "value": "11",
    "synonyms": [
      "11"
    ]
  },
  {
    "value": "12",
    "synonyms": [
      "12"
    ]
  },
  {
    "value": "16",
    "synonyms": [
      "16"
    ]
  },
  {
    "value": "26",
    "synonyms": [
      "26"
    ]
  },
  {
    "value": "36",
    "synonyms": [
      "36"
    ]
  },
  {
    "value": "45",
    "synonyms": [
      "45"
    ]
  },
  {
    "value": "47",
    "synonyms": [
      "47"
    ]
  },
  {
    "value": "42",
    "synonyms": [
      "42"
    ]
  }
]