[
  {
    "value": "Abkhaz",
    "synonyms": [
      "Abkhaz"
    ]
  },
  {
    "value": "Afar",
    "synonyms": [
      "Afar"
    ]
  },
  {
    "value": "Afrikaans",
    "synonyms": [
      "Afrikaans"
    ]
  },
  {
    "value": "Akan",
    "synonyms": [
      "Akan"
    ]
  },
  {
    "value": "Albanian",
    "synonyms": [
      "Albanian"
    ]
  },
  {
    "value": "Alemannic",
    "synonyms": [
      "Alemannic"
    ]
  },
  {
    "value": "Alsatian",
    "synonyms": [
      "Alsatian"
    ]
  },
  {
    "value": "Amerindian",
    "synonyms": [
      "Amerindian"
    ]
  },
  {
    "value": "Amharic",
    "synonyms": [
      "Amharic"
    ]
  },
  {
    "value": "Angaur",
    "synonyms": [
      "Angaur"
    ]
  },
  {
    "value": "Arabic",
    "synonyms": [
      "Arabic"
    ]
  },
  {
    "value": "Arabic and French",
    "synonyms": [
      "Arabic and French"
    ]
  },
  {
    "value": "Aramaic",
    "synonyms": [
      "Aramaic"
    ]
  },
  {
    "value": "Armenian",
    "synonyms": [
      "Armenian"
    ]
  },
  {
    "value": "Assamese",
    "synonyms": [
      "Assamese"
    ]
  },
  {
    "value": "Assyrian",
    "synonyms": [
      "Assyrian"
    ]
  },
  {
    "value": "Awadhi",
    "synonyms": [
      "Awadhi"
    ]
  },
  {
    "value": "Aymara",
    "synonyms": [
      "Aymara"
    ]
  },
  {
    "value": "Azerbaijani",
    "synonyms": [
      "Azerbaijani"
    ]
  },
  {
    "value": "Azerbaijani Turkic",
    "synonyms": [
      "Azerbaijani Turkic"
    ]
  },
  {
    "value": "Azeri",
    "synonyms": [
      "Azeri"
    ]
  },
  {
    "value": "Bahasa Indonesia",
    "synonyms": [
      "Bahasa Indonesia"
    ]
  },
  {
    "value": "Bahasa Melayu",
    "synonyms": [
      "Bahasa Melayu"
    ]
  },
  {
    "value": "Balochi",
    "synonyms": [
      "Balochi"
    ]
  },
  {
    "value": "Baluchi",
    "synonyms": [
      "Baluchi"
    ]
  },
  {
    "value": "Bamanankan",
    "synonyms": [
      "Bamanankan"
    ]
  },
  {
    "value": "Bambara",
    "synonyms": [
      "Bambara"
    ]
  },
  {
    "value": "Bandjabi",
    "synonyms": [
      "Bandjabi"
    ]
  },
  {
    "value": "Bangla",
    "synonyms": [
      "Bangla"
    ]
  },
  {
    "value": "Bantu",
    "synonyms": [
      "Bantu"
    ]
  },
  {
    "value": "Bapounou",
    "synonyms": [
      "Bapounou"
    ]
  },
  {
    "value": "Bari",
    "synonyms": [
      "Bari"
    ]
  },
  {
    "value": "Bashkir",
    "synonyms": [
      "Bashkir"
    ]
  },
  {
    "value": "Bashkort",
    "synonyms": [
      "Bashkort"
    ]
  },
  {
    "value": "Basque",
    "synonyms": [
      "Basque"
    ]
  },
  {
    "value": "Belarusan",
    "synonyms": [
      "Belarusan"
    ]
  },
  {
    "value": "Belarusian",
    "synonyms": [
      "Belarusian"
    ]
  },
  {
    "value": "Belorussian",
    "synonyms": [
      "Belorussian"
    ]
  },
  {
    "value": "Bemba",
    "synonyms": [
      "Bemba"
    ]
  },
  {
    "value": "Bengali",
    "synonyms": [
      "Bengali"
    ]
  },
  {
    "value": "Bhojpuri",
    "synonyms": [
      "Bhojpuri"
    ]
  },
  {
    "value": "Bicol",
    "synonyms": [
      "Bicol"
    ]
  },
  {
    "value": "Bislama",
    "synonyms": [
      "Bislama"
    ]
  },
  {
    "value": "Bojpoori",
    "synonyms": [
      "Bojpoori"
    ]
  },
  {
    "value": "Bokmål Norwegian",
    "synonyms": [
      "Bokmål Norwegian"
    ]
  },
  {
    "value": "Bosnian",
    "synonyms": [
      "Bosnian"
    ]
  },
  {
    "value": "Brahui",
    "synonyms": [
      "Brahui"
    ]
  },
  {
    "value": "Brazilero",
    "synonyms": [
      "Brazilero"
    ]
  },
  {
    "value": "Breton",
    "synonyms": [
      "Breton"
    ]
  },
  {
    "value": "Bubi",
    "synonyms": [
      "Bubi"
    ]
  },
  {
    "value": "Bulgarian",
    "synonyms": [
      "Bulgarian"
    ]
  },
  {
    "value": "Burmese",
    "synonyms": [
      "Burmese"
    ]
  },
  {
    "value": "Burushaski",
    "synonyms": [
      "Burushaski"
    ]
  },
  {
    "value": "Cakchiquel",
    "synonyms": [
      "Cakchiquel"
    ]
  },
  {
    "value": "Cantonese",
    "synonyms": [
      "Cantonese"
    ]
  },
  {
    "value": "Carib",
    "synonyms": [
      "Carib"
    ]
  },
  {
    "value": "Carolinian",
    "synonyms": [
      "Carolinian"
    ]
  },
  {
    "value": "Castilian",
    "synonyms": [
      "Castilian"
    ]
  },
  {
    "value": "Castilian Spanish",
    "synonyms": [
      "Castilian Spanish"
    ]
  },
  {
    "value": "Catalan",
    "synonyms": [
      "Catalan"
    ]
  },
  {
    "value": "Catalán",
    "synonyms": [
      "Catalán"
    ]
  },
  {
    "value": "Cebuano",
    "synonyms": [
      "Cebuano"
    ]
  },
  {
    "value": "Chechen",
    "synonyms": [
      "Chechen"
    ]
  },
  {
    "value": "Cherokee",
    "synonyms": [
      "Cherokee"
    ]
  },
  {
    "value": "Chewa",
    "synonyms": [
      "Chewa"
    ]
  },
  {
    "value": "Chhattisgarhi",
    "synonyms": [
      "Chhattisgarhi"
    ]
  },
  {
    "value": "Chichewa",
    "synonyms": [
      "Chichewa"
    ]
  },
  {
    "value": "Chilomwe",
    "synonyms": [
      "Chilomwe"
    ]
  },
  {
    "value": "Chinese",
    "synonyms": [
      "Chinese"
    ]
  },
  {
    "value": "Chinyanja",
    "synonyms": [
      "Chinyanja"
    ]
  },
  {
    "value": "Chisena",
    "synonyms": [
      "Chisena"
    ]
  },
  {
    "value": "Chitonga",
    "synonyms": [
      "Chitonga"
    ]
  },
  {
    "value": "Chittagonian",
    "synonyms": [
      "Chittagonian"
    ]
  },
  {
    "value": "Chitumbuka",
    "synonyms": [
      "Chitumbuka"
    ]
  },
  {
    "value": "Chiyao",
    "synonyms": [
      "Chiyao"
    ]
  },
  {
    "value": "Chukese",
    "synonyms": [
      "Chukese"
    ]
  },
  {
    "value": "Circassian",
    "synonyms": [
      "Circassian"
    ]
  },
  {
    "value": "Cisena",
    "synonyms": [
      "Cisena"
    ]
  },
  {
    "value": "Corsican",
    "synonyms": [
      "Corsican"
    ]
  },
  {
    "value": "Creole",
    "synonyms": [
      "Creole"
    ]
  },
  {
    "value": "Criolo",
    "synonyms": [
      "Criolo"
    ]
  },
  {
    "value": "Criuolo",
    "synonyms": [
      "Criuolo"
    ]
  },
  {
    "value": "Croatian",
    "synonyms": [
      "Croatian"
    ]
  },
  {
    "value": "Cushitic",
    "synonyms": [
      "Cushitic"
    ]
  },
  {
    "value": "Czech",
    "synonyms": [
      "Czech"
    ]
  },
  {
    "value": "Dagomba",
    "synonyms": [
      "Dagomba"
    ]
  },
  {
    "value": "Dakota",
    "synonyms": [
      "Dakota"
    ]
  },
  {
    "value": "Danish",
    "synonyms": [
      "Danish"
    ]
  },
  {
    "value": "Dari",
    "synonyms": [
      "Dari"
    ]
  },
  {
    "value": "Dari Persian",
    "synonyms": [
      "Dari Persian"
    ]
  },
  {
    "value": "Deccan",
    "synonyms": [
      "Deccan"
    ]
  },
  {
    "value": "Dholuo",
    "synonyms": [
      "Dholuo"
    ]
  },
  {
    "value": "Dhundhari",
    "synonyms": [
      "Dhundhari"
    ]
  },
  {
    "value": "Dimli",
    "synonyms": [
      "Dimli"
    ]
  },
  {
    "value": "Dinka",
    "synonyms": [
      "Dinka"
    ]
  },
  {
    "value": "Dioula esp",
    "synonyms": [
      "Dioula esp"
    ]
  },
  {
    "value": "Djerma",
    "synonyms": [
      "Djerma"
    ]
  },
  {
    "value": "Dutch",
    "synonyms": [
      "Dutch"
    ]
  },
  {
    "value": "Dutch English",
    "synonyms": [
      "Dutch English"
    ]
  },
  {
    "value": "Dzongkha",
    "synonyms": [
      "Dzongkha"
    ]
  },
  {
    "value": "Eastern Min",
    "synonyms": [
      "Eastern Min"
    ]
  },
  {
    "value": "Echuwabo",
    "synonyms": [
      "Echuwabo"
    ]
  },
  {
    "value": "Elomwe",
    "synonyms": [
      "Elomwe"
    ]
  },
  {
    "value": "Emakhuwa",
    "synonyms": [
      "Emakhuwa"
    ]
  },
  {
    "value": "English",
    "synonyms": [
      "English"
    ]
  },
  {
    "value": "English patois",
    "synonyms": [
      "English patois"
    ]
  },
  {
    "value": "English–2%",
    "synonyms": [
      "English–2%"
    ]
  },
  {
    "value": "Eschira",
    "synonyms": [
      "Eschira"
    ]
  },
  {
    "value": "Esperanto",
    "synonyms": [
      "Esperanto"
    ]
  },
  {
    "value": "Estonian",
    "synonyms": [
      "Estonian"
    ]
  },
  {
    "value": "Ewe",
    "synonyms": [
      "Ewe"
    ]
  },
  {
    "value": "Ewé",
    "synonyms": [
      "Ewé"
    ]
  },
  {
    "value": "Fang",
    "synonyms": [
      "Fang"
    ]
  },
  {
    "value": "Faroese",
    "synonyms": [
      "Faroese"
    ]
  },
  {
    "value": "Farsi",
    "synonyms": [
      "Farsi"
    ]
  },
  {
    "value": "Fijian",
    "synonyms": [
      "Fijian"
    ]
  },
  {
    "value": "Filipino",
    "synonyms": [
      "Filipino"
    ]
  },
  {
    "value": "Finnish",
    "synonyms": [
      "Finnish"
    ]
  },
  {
    "value": "Flemish",
    "synonyms": [
      "Flemish"
    ]
  },
  {
    "value": "Fon",
    "synonyms": [
      "Fon"
    ]
  },
  {
    "value": "French",
    "synonyms": [
      "French"
    ]
  },
  {
    "value": "French patois",
    "synonyms": [
      "French patois"
    ]
  },
  {
    "value": "Frisian",
    "synonyms": [
      "Frisian"
    ]
  },
  {
    "value": "Fula",
    "synonyms": [
      "Fula"
    ]
  },
  {
    "value": "Fulani",
    "synonyms": [
      "Fulani"
    ]
  },
  {
    "value": "Fuzhou",
    "synonyms": [
      "Fuzhou"
    ]
  },
  {
    "value": "Ga",
    "synonyms": [
      "Ga"
    ]
  },
  {
    "value": "Gaelic",
    "synonyms": [
      "Gaelic"
    ]
  },
  {
    "value": "Galician",
    "synonyms": [
      "Galician"
    ]
  },
  {
    "value": "Galole",
    "synonyms": [
      "Galole"
    ]
  },
  {
    "value": "Gan",
    "synonyms": [
      "Gan"
    ]
  },
  {
    "value": "Gan Chinese",
    "synonyms": [
      "Gan Chinese"
    ]
  },
  {
    "value": "Garifuna",
    "synonyms": [
      "Garifuna"
    ]
  },
  {
    "value": "Georgian",
    "synonyms": [
      "Georgian"
    ]
  },
  {
    "value": "German",
    "synonyms": [
      "German"
    ]
  },
  {
    "value": "Gikuyu",
    "synonyms": [
      "Gikuyu"
    ]
  },
  {
    "value": "Gilbertese",
    "synonyms": [
      "Gilbertese"
    ]
  },
  {
    "value": "Greek",
    "synonyms": [
      "Greek"
    ]
  },
  {
    "value": "Greenlandic",
    "synonyms": [
      "Greenlandic"
    ]
  },
  {
    "value": "Guaragigna",
    "synonyms": [
      "Guaragigna"
    ]
  },
  {
    "value": "Guarani",
    "synonyms": [
      "Guarani"
    ]
  },
  {
    "value": "Guaraní",
    "synonyms": [
      "Guaraní"
    ]
  },
  {
    "value": "Gujarati",
    "synonyms": [
      "Gujarati"
    ]
  },
  {
    "value": "Haitian Creole",
    "synonyms": [
      "Haitian Creole"
    ]
  },
  {
    "value": "Hakka",
    "synonyms": [
      "Hakka"
    ]
  },
  {
    "value": "Haryanvi",
    "synonyms": [
      "Haryanvi"
    ]
  },
  {
    "value": "Hassaniya Arabic",
    "synonyms": [
      "Hassaniya Arabic"
    ]
  },
  {
    "value": "Hausa",
    "synonyms": [
      "Hausa"
    ]
  },
  {
    "value": "Hawaiian",
    "synonyms": [
      "Hawaiian"
    ]
  },
  {
    "value": "Hawaiian Creole",
    "synonyms": [
      "Hawaiian Creole"
    ]
  },
  {
    "value": "Hebrew",
    "synonyms": [
      "Hebrew"
    ]
  },
  {
    "value": "Herero",
    "synonyms": [
      "Herero"
    ]
  },
  {
    "value": "Hiligaynon",
    "synonyms": [
      "Hiligaynon"
    ]
  },
  {
    "value": "Hindi",
    "synonyms": [
      "Hindi"
    ]
  },
  {
    "value": "Hindko",
    "synonyms": [
      "Hindko"
    ]
  },
  {
    "value": "Hindustani",
    "synonyms": [
      "Hindustani"
    ]
  },
  {
    "value": "Hiri Motu",
    "synonyms": [
      "Hiri Motu"
    ]
  },
  {
    "value": "Hmong",
    "synonyms": [
      "Hmong"
    ]
  },
  {
    "value": "Hokkien",
    "synonyms": [
      "Hokkien"
    ]
  },
  {
    "value": "Hungarian",
    "synonyms": [
      "Hungarian"
    ]
  },
  {
    "value": "Hunnanese",
    "synonyms": [
      "Hunnanese"
    ]
  },
  {
    "value": "I-Kiribati",
    "synonyms": [
      "I-Kiribati"
    ]
  },
  {
    "value": "Iban Kadazan",
    "synonyms": [
      "Iban Kadazan"
    ]
  },
  {
    "value": "Ibo",
    "synonyms": [
      "Ibo"
    ]
  },
  {
    "value": "Icelandic",
    "synonyms": [
      "Icelandic"
    ]
  },
  {
    "value": "Igbo",
    "synonyms": [
      "Igbo"
    ]
  },
  {
    "value": "Ilocano",
    "synonyms": [
      "Ilocano"
    ]
  },
  {
    "value": "Ilonggo",
    "synonyms": [
      "Ilonggo"
    ]
  },
  {
    "value": "Indonesian",
    "synonyms": [
      "Indonesian"
    ]
  },
  {
    "value": "Inuit",
    "synonyms": [
      "Inuit"
    ]
  },
  {
    "value": "Inupiaq",
    "synonyms": [
      "Inupiaq"
    ]
  },
  {
    "value": "Irish",
    "synonyms": [
      "Irish"
    ]
  },
  {
    "value": "Irish Gaelic",
    "synonyms": [
      "Irish Gaelic"
    ]
  },
  {
    "value": "IsiXhosa",
    "synonyms": [
      "IsiXhosa"
    ]
  },
  {
    "value": "IsiZulu",
    "synonyms": [
      "IsiZulu"
    ]
  },
  {
    "value": "Italian",
    "synonyms": [
      "Italian"
    ]
  },
  {
    "value": "Jamaican Creole",
    "synonyms": [
      "Jamaican Creole"
    ]
  },
  {
    "value": "Japanese",
    "synonyms": [
      "Japanese"
    ]
  },
  {
    "value": "Jarai",
    "synonyms": [
      "Jarai"
    ]
  },
  {
    "value": "Javanese",
    "synonyms": [
      "Javanese"
    ]
  },
  {
    "value": "Jin",
    "synonyms": [
      "Jin"
    ]
  },
  {
    "value": "Jola",
    "synonyms": [
      "Jola"
    ]
  },
  {
    "value": "Juba",
    "synonyms": [
      "Juba"
    ]
  },
  {
    "value": "Kabardian",
    "synonyms": [
      "Kabardian"
    ]
  },
  {
    "value": "Kabyle",
    "synonyms": [
      "Kabyle"
    ]
  },
  {
    "value": "Kabyé",
    "synonyms": [
      "Kabyé"
    ]
  },
  {
    "value": "Kalanga",
    "synonyms": [
      "Kalanga"
    ]
  },
  {
    "value": "Kannada",
    "synonyms": [
      "Kannada"
    ]
  },
  {
    "value": "Kaonda",
    "synonyms": [
      "Kaonda"
    ]
  },
  {
    "value": "Kapingamarangi",
    "synonyms": [
      "Kapingamarangi"
    ]
  },
  {
    "value": "Kashmiri",
    "synonyms": [
      "Kashmiri"
    ]
  },
  {
    "value": "Kazak",
    "synonyms": [
      "Kazak"
    ]
  },
  {
    "value": "Kazakh",
    "synonyms": [
      "Kazakh"
    ]
  },
  {
    "value": "Kekchi",
    "synonyms": [
      "Kekchi"
    ]
  },
  {
    "value": "Kemak",
    "synonyms": [
      "Kemak"
    ]
  },
  {
    "value": "Khmer",
    "synonyms": [
      "Khmer"
    ]
  },
  {
    "value": "Khoekhoe Korean",
    "synonyms": [
      "Khoekhoe Korean"
    ]
  },
  {
    "value": "Kiche",
    "synonyms": [
      "Kiche"
    ]
  },
  {
    "value": "Kikongo",
    "synonyms": [
      "Kikongo"
    ]
  },
  {
    "value": "Kingwana",
    "synonyms": [
      "Kingwana"
    ]
  },
  {
    "value": "Kinyarwanda",
    "synonyms": [
      "Kinyarwanda"
    ]
  },
  {
    "value": "Kiribati",
    "synonyms": [
      "Kiribati"
    ]
  },
  {
    "value": "Kirundi",
    "synonyms": [
      "Kirundi"
    ]
  },
  {
    "value": "Kiswahili",
    "synonyms": [
      "Kiswahili"
    ]
  },
  {
    "value": "Konkani",
    "synonyms": [
      "Konkani"
    ]
  },
  {
    "value": "Korean",
    "synonyms": [
      "Korean"
    ]
  },
  {
    "value": "Kosrean",
    "synonyms": [
      "Kosrean"
    ]
  },
  {
    "value": "Krio",
    "synonyms": [
      "Krio"
    ]
  },
  {
    "value": "Kunama",
    "synonyms": [
      "Kunama"
    ]
  },
  {
    "value": "Kurdish",
    "synonyms": [
      "Kurdish"
    ]
  },
  {
    "value": "Kyrgyz",
    "synonyms": [
      "Kyrgyz"
    ]
  },
  {
    "value": "Lao",
    "synonyms": [
      "Lao"
    ]
  },
  {
    "value": "Latin",
    "synonyms": [
      "Latin"
    ]
  },
  {
    "value": "Latvian",
    "synonyms": [
      "Latvian"
    ]
  },
  {
    "value": "Lingala",
    "synonyms": [
      "Lingala"
    ]
  },
  {
    "value": "Lithuanian",
    "synonyms": [
      "Lithuanian"
    ]
  },
  {
    "value": "Lozi",
    "synonyms": [
      "Lozi"
    ]
  },
  {
    "value": "Lunda",
    "synonyms": [
      "Lunda"
    ]
  },
  {
    "value": "Luri",
    "synonyms": [
      "Luri"
    ]
  },
  {
    "value": "Luvale",
    "synonyms": [
      "Luvale"
    ]
  },
  {
    "value": "Luxermbourgish French",
    "synonyms": [
      "Luxermbourgish French"
    ]
  },
  {
    "value": "Macedonian",
    "synonyms": [
      "Macedonian"
    ]
  },
  {
    "value": "Madurese",
    "synonyms": [
      "Madurese"
    ]
  },
  {
    "value": "Magahi",
    "synonyms": [
      "Magahi"
    ]
  },
  {
    "value": "Magyar",
    "synonyms": [
      "Magyar"
    ]
  },
  {
    "value": "Maithali",
    "synonyms": [
      "Maithali"
    ]
  },
  {
    "value": "Maithili",
    "synonyms": [
      "Maithili"
    ]
  },
  {
    "value": "Malagasy",
    "synonyms": [
      "Malagasy"
    ]
  },
  {
    "value": "Malay",
    "synonyms": [
      "Malay"
    ]
  },
  {
    "value": "Malayalam",
    "synonyms": [
      "Malayalam"
    ]
  },
  {
    "value": "Malayo Polynesian",
    "synonyms": [
      "Malayo Polynesian"
    ]
  },
  {
    "value": "Malaysian",
    "synonyms": [
      "Malaysian"
    ]
  },
  {
    "value": "Maldivian Dhivehi",
    "synonyms": [
      "Maldivian Dhivehi"
    ]
  },
  {
    "value": "Malinké",
    "synonyms": [
      "Malinké"
    ]
  },
  {
    "value": "Maltese",
    "synonyms": [
      "Maltese"
    ]
  },
  {
    "value": "Mam",
    "synonyms": [
      "Mam"
    ]
  },
  {
    "value": "Mambae",
    "synonyms": [
      "Mambae"
    ]
  },
  {
    "value": "Mandarin",
    "synonyms": [
      "Mandarin"
    ]
  },
  {
    "value": "Mandinka",
    "synonyms": [
      "Mandinka"
    ]
  },
  {
    "value": "Maori",
    "synonyms": [
      "Maori"
    ]
  },
  {
    "value": "Marathi",
    "synonyms": [
      "Marathi"
    ]
  },
  {
    "value": "Marshallese",
    "synonyms": [
      "Marshallese"
    ]
  },
  {
    "value": "Marwari",
    "synonyms": [
      "Marwari"
    ]
  },
  {
    "value": "Mayan",
    "synonyms": [
      "Mayan"
    ]
  },
  {
    "value": "Melanesian Pidgin",
    "synonyms": [
      "Melanesian Pidgin"
    ]
  },
  {
    "value": "Melanesian pidgin English",
    "synonyms": [
      "Melanesian pidgin English"
    ]
  },
  {
    "value": "Mende",
    "synonyms": [
      "Mende"
    ]
  },
  {
    "value": "Mina",
    "synonyms": [
      "Mina"
    ]
  },
  {
    "value": "Minbei",
    "synonyms": [
      "Minbei"
    ]
  },
  {
    "value": "Minnan",
    "synonyms": [
      "Minnan"
    ]
  },
  {
    "value": "Mirandese",
    "synonyms": [
      "Mirandese"
    ]
  },
  {
    "value": "Moldovan",
    "synonyms": [
      "Moldovan"
    ]
  },
  {
    "value": "Mon Khmer",
    "synonyms": [
      "Mon Khmer"
    ]
  },
  {
    "value": "Mongolian",
    "synonyms": [
      "Mongolian"
    ]
  },
  {
    "value": "Monokutuba",
    "synonyms": [
      "Monokutuba"
    ]
  },
  {
    "value": "Montenegrin",
    "synonyms": [
      "Montenegrin"
    ]
  },
  {
    "value": "Monégasque",
    "synonyms": [
      "Monégasque"
    ]
  },
  {
    "value": "Moroccan Arabic",
    "synonyms": [
      "Moroccan Arabic"
    ]
  },
  {
    "value": "Moshi Dagomba",
    "synonyms": [
      "Moshi Dagomba"
    ]
  },
  {
    "value": "Mossi",
    "synonyms": [
      "Mossi"
    ]
  },
  {
    "value": "Myene",
    "synonyms": [
      "Myene"
    ]
  },
  {
    "value": "Nahua",
    "synonyms": [
      "Nahua"
    ]
  },
  {
    "value": "Nahuatl",
    "synonyms": [
      "Nahuatl"
    ]
  },
  {
    "value": "Nama",
    "synonyms": [
      "Nama"
    ]
  },
  {
    "value": "Nauruan",
    "synonyms": [
      "Nauruan"
    ]
  },
  {
    "value": "Navajo",
    "synonyms": [
      "Navajo"
    ]
  },
  {
    "value": "Ndebele",
    "synonyms": [
      "Ndebele"
    ]
  },
  {
    "value": "Nepali",
    "synonyms": [
      "Nepali"
    ]
  },
  {
    "value": "Nilo Hamitic",
    "synonyms": [
      "Nilo Hamitic"
    ]
  },
  {
    "value": "Nilotic",
    "synonyms": [
      "Nilotic"
    ]
  },
  {
    "value": "Nordic languages",
    "synonyms": [
      "Nordic languages"
    ]
  },
  {
    "value": "Northern Min",
    "synonyms": [
      "Northern Min"
    ]
  },
  {
    "value": "Norwegian",
    "synonyms": [
      "Norwegian"
    ]
  },
  {
    "value": "Nubian",
    "synonyms": [
      "Nubian"
    ]
  },
  {
    "value": "Nuer",
    "synonyms": [
      "Nuer"
    ]
  },
  {
    "value": "Nukuoro",
    "synonyms": [
      "Nukuoro"
    ]
  },
  {
    "value": "Nyanja",
    "synonyms": [
      "Nyanja"
    ]
  },
  {
    "value": "Nynorsk Norwegian",
    "synonyms": [
      "Nynorsk Norwegian"
    ]
  },
  {
    "value": "Nzebi",
    "synonyms": [
      "Nzebi"
    ]
  },
  {
    "value": "Odia",
    "synonyms": [
      "Odia"
    ]
  },
  {
    "value": "Ojibwa",
    "synonyms": [
      "Ojibwa"
    ]
  },
  {
    "value": "Oriya",
    "synonyms": [
      "Oriya"
    ]
  },
  {
    "value": "Orominga",
    "synonyms": [
      "Orominga"
    ]
  },
  {
    "value": "Oromo",
    "synonyms": [
      "Oromo"
    ]
  },
  {
    "value": "Oshivambo",
    "synonyms": [
      "Oshivambo"
    ]
  },
  {
    "value": "Palauan",
    "synonyms": [
      "Palauan"
    ]
  },
  {
    "value": "Pampango",
    "synonyms": [
      "Pampango"
    ]
  },
  {
    "value": "Pangasinense",
    "synonyms": [
      "Pangasinense"
    ]
  },
  {
    "value": "Panjabi",
    "synonyms": [
      "Panjabi"
    ]
  },
  {
    "value": "Pashto",
    "synonyms": [
      "Pashto"
    ]
  },
  {
    "value": "Pashtu",
    "synonyms": [
      "Pashtu"
    ]
  },
  {
    "value": "Persian",
    "synonyms": [
      "Persian"
    ]
  },
  {
    "value": "Pohnpeian",
    "synonyms": [
      "Pohnpeian"
    ]
  },
  {
    "value": "Polish",
    "synonyms": [
      "Polish"
    ]
  },
  {
    "value": "Portuguese",
    "synonyms": [
      "Portuguese"
    ]
  },
  {
    "value": "Portunol",
    "synonyms": [
      "Portunol"
    ]
  },
  {
    "value": "Pulaar",
    "synonyms": [
      "Pulaar"
    ]
  },
  {
    "value": "Punjabi",
    "synonyms": [
      "Punjabi"
    ]
  },
  {
    "value": "Putonghua",
    "synonyms": [
      "Putonghua"
    ]
  },
  {
    "value": "Qazaq",
    "synonyms": [
      "Qazaq"
    ]
  },
  {
    "value": "Quechua",
    "synonyms": [
      "Quechua"
    ]
  },
  {
    "value": "Quéchua",
    "synonyms": [
      "Quéchua"
    ]
  },
  {
    "value": "Roma",
    "synonyms": [
      "Roma"
    ]
  },
  {
    "value": "Romani",
    "synonyms": [
      "Romani"
    ]
  },
  {
    "value": "Romanian",
    "synonyms": [
      "Romanian"
    ]
  },
  {
    "value": "Romansch",
    "synonyms": [
      "Romansch"
    ]
  },
  {
    "value": "Russian",
    "synonyms": [
      "Russian"
    ]
  },
  {
    "value": "Rwanda",
    "synonyms": [
      "Rwanda"
    ]
  },
  {
    "value": "Samoan",
    "synonyms": [
      "Samoan"
    ]
  },
  {
    "value": "Sangho",
    "synonyms": [
      "Sangho"
    ]
  },
  {
    "value": "Sanskrit",
    "synonyms": [
      "Sanskrit"
    ]
  },
  {
    "value": "Sara",
    "synonyms": [
      "Sara"
    ]
  },
  {
    "value": "Saraiki",
    "synonyms": [
      "Saraiki"
    ]
  },
  {
    "value": "Scots Gaelic",
    "synonyms": [
      "Scots Gaelic"
    ]
  },
  {
    "value": "Sekgalagadi",
    "synonyms": [
      "Sekgalagadi"
    ]
  },
  {
    "value": "Sepedi",
    "synonyms": [
      "Sepedi"
    ]
  },
  {
    "value": "Serbian",
    "synonyms": [
      "Serbian"
    ]
  },
  {
    "value": "Serbian Shona",
    "synonyms": [
      "Serbian Shona"
    ]
  },
  {
    "value": "Serbo Croatian",
    "synonyms": [
      "Serbo Croatian"
    ]
  },
  {
    "value": "Seselwa Creole",
    "synonyms": [
      "Seselwa Creole"
    ]
  },
  {
    "value": "Sesotho",
    "synonyms": [
      "Sesotho"
    ]
  },
  {
    "value": "Setswana",
    "synonyms": [
      "Setswana"
    ]
  },
  {
    "value": "Shanghaiese",
    "synonyms": [
      "Shanghaiese"
    ]
  },
  {
    "value": "Shanghainese",
    "synonyms": [
      "Shanghainese"
    ]
  },
  {
    "value": "Shikomoro",
    "synonyms": [
      "Shikomoro"
    ]
  },
  {
    "value": "Shilluk",
    "synonyms": [
      "Shilluk"
    ]
  },
  {
    "value": "Shona",
    "synonyms": [
      "Shona"
    ]
  },
  {
    "value": "Sindebele",
    "synonyms": [
      "Sindebele"
    ]
  },
  {
    "value": "Sindhi",
    "synonyms": [
      "Sindhi"
    ]
  },
  {
    "value": "Sinhala",
    "synonyms": [
      "Sinhala"
    ]
  },
  {
    "value": "Sinhalese",
    "synonyms": [
      "Sinhalese"
    ]
  },
  {
    "value": "Siraiki",
    "synonyms": [
      "Siraiki"
    ]
  },
  {
    "value": "Slovak",
    "synonyms": [
      "Slovak"
    ]
  },
  {
    "value": "Slovene",
    "synonyms": [
      "Slovene"
    ]
  },
  {
    "value": "Slovenian",
    "synonyms": [
      "Slovenian"
    ]
  },
  {
    "value": "Somali",
    "synonyms": [
      "Somali"
    ]
  },
  {
    "value": "Soninke",
    "synonyms": [
      "Soninke"
    ]
  },
  {
    "value": "Sonsoralese",
    "synonyms": [
      "Sonsoralese"
    ]
  },
  {
    "value": "Southern Min",
    "synonyms": [
      "Southern Min"
    ]
  },
  {
    "value": "Spanish",
    "synonyms": [
      "Spanish"
    ]
  },
  {
    "value": "Standard Chinese",
    "synonyms": [
      "Standard Chinese"
    ]
  },
  {
    "value": "Sudanese",
    "synonyms": [
      "Sudanese"
    ]
  },
  {
    "value": "Sudanic",
    "synonyms": [
      "Sudanic"
    ]
  },
  {
    "value": "Sudanic languages",
    "synonyms": [
      "Sudanic languages"
    ]
  },
  {
    "value": "Sundanese",
    "synonyms": [
      "Sundanese"
    ]
  },
  {
    "value": "Surinamese",
    "synonyms": [
      "Surinamese"
    ]
  },
  {
    "value": "Susu",
    "synonyms": [
      "Susu"
    ]
  },
  {
    "value": "Swahili",
    "synonyms": [
      "Swahili"
    ]
  },
  {
    "value": "Swedish",
    "synonyms": [
      "Swedish"
    ]
  },
  {
    "value": "Sylheti",
    "synonyms": [
      "Sylheti"
    ]
  },
  {
    "value": "Ta Bedawie",
    "synonyms": [
      "Ta Bedawie"
    ]
  },
  {
    "value": "Tachelhit",
    "synonyms": [
      "Tachelhit"
    ]
  },
  {
    "value": "Tagalog",
    "synonyms": [
      "Tagalog"
    ]
  },
  {
    "value": "Taiwanese",
    "synonyms": [
      "Taiwanese"
    ]
  },
  {
    "value": "Tajik",
    "synonyms": [
      "Tajik"
    ]
  },
  {
    "value": "Tajiki",
    "synonyms": [
      "Tajiki"
    ]
  },
  {
    "value": "Tamang",
    "synonyms": [
      "Tamang"
    ]
  },
  {
    "value": "Tamil",
    "synonyms": [
      "Tamil"
    ]
  },
  {
    "value": "Tatar",
    "synonyms": [
      "Tatar"
    ]
  },
  {
    "value": "Telugu",
    "synonyms": [
      "Telugu"
    ]
  },
  {
    "value": "Temne",
    "synonyms": [
      "Temne"
    ]
  },
  {
    "value": "Teochew",
    "synonyms": [
      "Teochew"
    ]
  },
  {
    "value": "Tetum",
    "synonyms": [
      "Tetum"
    ]
  },
  {
    "value": "Tha",
    "synonyms": [
      "Tha"
    ]
  },
  {
    "value": "Thai",
    "synonyms": [
      "Thai"
    ]
  },
  {
    "value": "Tharu",
    "synonyms": [
      "Tharu"
    ]
  },
  {
    "value": "Tigre",
    "synonyms": [
      "Tigre"
    ]
  },
  {
    "value": "Tigrigna",
    "synonyms": [
      "Tigrigna"
    ]
  },
  {
    "value": "Tigrinya",
    "synonyms": [
      "Tigrinya"
    ]
  },
  {
    "value": "Tobi",
    "synonyms": [
      "Tobi"
    ]
  },
  {
    "value": "Tok Pisin",
    "synonyms": [
      "Tok Pisin"
    ]
  },
  {
    "value": "Tonga",
    "synonyms": [
      "Tonga"
    ]
  },
  {
    "value": "Tongan",
    "synonyms": [
      "Tongan"
    ]
  },
  {
    "value": "Tosk",
    "synonyms": [
      "Tosk"
    ]
  },
  {
    "value": "Tshiluba",
    "synonyms": [
      "Tshiluba"
    ]
  },
  {
    "value": "Turkic",
    "synonyms": [
      "Turkic"
    ]
  },
  {
    "value": "Turkish",
    "synonyms": [
      "Turkish"
    ]
  },
  {
    "value": "Turkmen",
    "synonyms": [
      "Turkmen"
    ]
  },
  {
    "value": "Tuvaluan",
    "synonyms": [
      "Tuvaluan"
    ]
  },
  {
    "value": "Ukrainian",
    "synonyms": [
      "Ukrainian"
    ]
  },
  {
    "value": "Ulithian",
    "synonyms": [
      "Ulithian"
    ]
  },
  {
    "value": "Urdu",
    "synonyms": [
      "Urdu"
    ]
  },
  {
    "value": "Uyghur",
    "synonyms": [
      "Uyghur"
    ]
  },
  {
    "value": "Uzbek",
    "synonyms": [
      "Uzbek"
    ]
  },
  {
    "value": "Vietnamese",
    "synonyms": [
      "Vietnamese"
    ]
  },
  {
    "value": "Visayan",
    "synonyms": [
      "Visayan"
    ]
  },
  {
    "value": "Waray",
    "synonyms": [
      "Waray"
    ]
  },
  {
    "value": "Warlpiri",
    "synonyms": [
      "Warlpiri"
    ]
  },
  {
    "value": "Welsh",
    "synonyms": [
      "Welsh"
    ]
  },
  {
    "value": "White Russian",
    "synonyms": [
      "White Russian"
    ]
  },
  {
    "value": "Woleaian",
    "synonyms": [
      "Woleaian"
    ]
  },
  {
    "value": "Wolof",
    "synonyms": [
      "Wolof"
    ]
  },
  {
    "value": "Wu",
    "synonyms": [
      "Wu"
    ]
  },
  {
    "value": "Xhosa",
    "synonyms": [
      "Xhosa"
    ]
  },
  {
    "value": "Xiang",
    "synonyms": [
      "Xiang"
    ]
  },
  {
    "value": "Xichangana",
    "synonyms": [
      "Xichangana"
    ]
  },
  {
    "value": "Xinca",
    "synonyms": [
      "Xinca"
    ]
  },
  {
    "value": "Xitsonga",
    "synonyms": [
      "Xitsonga"
    ]
  },
  {
    "value": "Yakut",
    "synonyms": [
      "Yakut"
    ]
  },
  {
    "value": "Yapase",
    "synonyms": [
      "Yapase"
    ]
  },
  {
    "value": "Yezidi",
    "synonyms": [
      "Yezidi"
    ]
  },
  {
    "value": "Yiddish",
    "synonyms": [
      "Yiddish"
    ]
  },
  {
    "value": "Yoruba",
    "synonyms": [
      "Yoruba"
    ]
  },
  {
    "value": "Yucatec",
    "synonyms": [
      "Yucatec"
    ]
  },
  {
    "value": "Yue",
    "synonyms": [
      "Yue"
    ]
  },
  {
    "value": "ZHU",
    "synonyms": [
      "ZHU"
    ]
  },
  {
    "value": "Zande",
    "synonyms": [
      "Zande"
    ]
  },
  {
    "value": "Zapotec",
    "synonyms": [
      "Zapotec"
    ]
  },
  {
    "value": "Zhuang",
    "synonyms": [
      "Zhuang"
    ]
  },
  {
    "value": "Zulu",
    "synonyms": [
      "Zulu"
    ]
  },
  {
    "value": "including Quiche",
    "synonyms": [
      "including Quiche"
    ]
  },
  {
    "value": "including Tetum",
    "synonyms": [
      "including Tetum"
    ]
  },
  {
    "value": "lingua franca",
    "synonyms": [
      "lingua franca"
    ]
  },
  {
    "value": "minority languages",
    "synonyms": [
      "minority languages"
    ]
  },
  {
    "value": "other Turkic",
    "synonyms": [
      "other Turkic"
    ]
  },
  {
    "value": "pidgin English",
    "synonyms": [
      "pidgin English"
    ]
  },
  {
    "value": "siSwati",
    "synonyms": [
      "siSwati"
    ]
  },
  {
    "value": "tribal languages",
    "synonyms": [
      "tribal languages"
    ]
  },
  {
    "value": "Éwé",
    "synonyms": [
      "Éwé"
    ]
  }
]