[
  {
    "value": "0",
    "synonyms": [
      "0"
    ]
  },
  {
    "value": "170",
    "synonyms": [
      "170"
    ]
  },
  {
    "value": "171",
    "synonyms": [
      "171"
    ]
  },
  {
    "value": "172",
    "synonyms": [
      "172"
    ]
  },
  {
    "value": "173",
    "synonyms": [
      "173"
    ]
  },
  {
    "value": "174",
    "synonyms": [
      "174"
    ]
  },
  {
    "value": "175",
    "synonyms": [
      "175"
    ]
  },
  {
    "value": "176",
    "synonyms": [
      "176"
    ]
  },
  {
    "value": "177",
    "synonyms": [
      "177"
    ]
  },
  {
    "value": "178",
    "synonyms": [
      "178"
    ]
  },
  {
    "value": "179",
    "synonyms": [
      "179"
    ]
  },
  {
    "value": "180",
    "synonyms": [
      "180"
    ]
  },
  {
    "value": "181",
    "synonyms": [
      "181"
    ]
  },
  {
    "value": "182",
    "synonyms": [
      "182"
    ]
  },
  {
    "value": "183",
    "synonyms": [
      "183"
    ]
  },
  {
    "value": "184",
    "synonyms": [
      "184"
    ]
  },
  {
    "value": "185",
    "synonyms": [
      "185"
    ]
  },
  {
    "value": "186",
    "synonyms": [
      "186"
    ]
  },
  {
    "value": "187",
    "synonyms": [
      "187"
    ]
  },
  {
    "value": "188",
    "synonyms": [
      "188"
    ]
  },
  {
    "value": "189",
    "synonyms": [
      "189"
    ]
  },
  {
    "value": "190",
    "synonyms": [
      "190"
    ]
  },
  {
    "value": "191",
    "synonyms": [
      "191"
    ]
  },
  {
    "value": "192",
    "synonyms": [
      "192"
    ]
  },
  {
    "value": "193",
    "synonyms": [
      "193"
    ]
  },
  {
    "value": "194",
    "synonyms": [
      "194"
    ]
  },
  {
    "value": "195",
    "synonyms": [
      "195"
    ]
  },
  {
    "value": "196",
    "synonyms": [
      "196"
    ]
  },
  {
    "value": "197",
    "synonyms": [
      "197"
    ]
  },
  {
    "value": "198",
    "synonyms": [
      "198"
    ]
  },
  {
    "value": "199",
    "synonyms": [
      "199"
    ]
  },
  {
    "value": "200",
    "synonyms": [
      "200"
    ]
  },
  {
    "value": "201",
    "synonyms": [
      "201"
    ]
  },
  {
    "value": "202",
    "synonyms": [
      "202"
    ]
  },
  {
    "value": "203",
    "synonyms": [
      "203"
    ]
  },
  {
    "value": "204",
    "synonyms": [
      "204"
    ]
  },
  {
    "value": "205",
    "synonyms": [
      "205"
    ]
  },
  {
    "value": "206",
    "synonyms": [
      "206"
    ]
  },
  {
    "value": "207",
    "synonyms": [
      "207"
    ]
  },
  {
    "value": "208",
    "synonyms": [
      "208"
    ]
  },
  {
    "value": "209",
    "synonyms": [
      "209"
    ]
  },
  {
    "value": "210",
    "synonyms": [
      "210"
    ]
  },
  {
    "value": "211",
    "synonyms": [
      "211"
    ]
  },
  {
    "value": "212",
    "synonyms": [
      "212"
    ]
  },
  {
    "value": "213",
    "synonyms": [
      "213"
    ]
  },
  {
    "value": "214",
    "synonyms": [
      "214"
    ]
  },
  {
    "value": "215",
    "synonyms": [
      "215"
    ]
  },
  {
    "value": "216",
    "synonyms": [
      "216"
    ]
  },
  {
    "value": "217",
    "synonyms": [
      "217"
    ]
  },
  {
    "value": "218",
    "synonyms": [
      "218"
    ]
  },
  {
    "value": "219",
    "synonyms": [
      "219"
    ]
  },
  {
    "value": "220",
    "synonyms": [
      "220"
    ]
  },
  {
    "value": "221",
    "synonyms": [
      "221"
    ]
  },
  {
    "value": "223",
    "synonyms": [
      "223"
    ]
  },
  {
    "value": "224",
    "synonyms": [
      "224"
    ]
  },
  {
    "value": "225",
    "synonyms": [
      "225"
    ]
  },
  {
    "value": "226",
    "synonyms": [
      "226"
    ]
  },
  {
    "value": "227",
    "synonyms": [
      "227"
    ]
  },
  {
    "value": "228",
    "synonyms": [
      "228"
    ]
  },
  {
    "value": "229",
    "synonyms": [
      "229"
    ]
  },
  {
    "value": "230",
    "synonyms": [
      "230"
    ]
  },
  {
    "value": "zero",
    "synonyms": [
      "zero"
    ]
  }
]