[
  {
    "id": "2b7b15ae-14df-4d7b-90f7-d8bc13efdb99",
    "data": [
      {
        "text": "can you heat up the printer to ",
        "userDefined": false
      },
      {
        "text": "210",
        "meta": "@temperature",
        "alias": "temperature",
        "userDefined": true
      },
      {
        "text": " degrees",
        "userDefined": false
      }
    ],
    "isTemplate": false,
    "count": 0,
    "lang": "en",
    "updated": 0
  },
  {
    "id": "b1129055-2f9f-40f5-9360-8594e0fbfd67",
    "data": [
      {
        "text": "Change temperature to ",
        "userDefined": false
      },
      {
        "text": "210",
        "meta": "@temperature",
        "alias": "temperature",
        "userDefined": true
      }
    ],
    "isTemplate": false,
    "count": 0,
    "lang": "en",
    "updated": 0
  },
  {
    "id": "cde29f1d-cf2a-40d1-984b-6f7477a2cf0f",
    "data": [
      {
        "text": "Put temperature to ",
        "userDefined": false
      },
      {
        "text": "192",
        "meta": "@temperature",
        "alias": "temperature",
        "userDefined": true
      }
    ],
    "isTemplate": false,
    "count": 0,
    "lang": "en",
    "updated": 0
  },
  {
    "id": "d5137ae9-e000-4fbb-9242-361100cf7e38",
    "data": [
      {
        "text": "Change temperature to ",
        "userDefined": false
      },
      {
        "text": "226",
        "meta": "@temperature",
        "alias": "temperature",
        "userDefined": true
      },
      {
        "text": " degrees",
        "userDefined": false
      }
    ],
    "isTemplate": false,
    "count": 0,
    "lang": "en",
    "updated": 0
  },
  {
    "id": "9fcbbf3c-3267-470d-9eb7-5cc77a3790c0",
    "data": [
      {
        "text": "to ",
        "userDefined": false
      },
      {
        "text": "219",
        "meta": "@temperature",
        "alias": "temperature",
        "userDefined": true
      }
    ],
    "isTemplate": false,
    "count": 0,
    "lang": "en",
    "updated": 0
  },
  {
    "id": "d2b57050-e777-4fc5-9738-a07538755839",
    "data": [
      {
        "text": "218",
        "meta": "@temperature",
        "alias": "temperature",
        "userDefined": true
      }
    ],
    "isTemplate": false,
    "count": 0,
    "lang": "en",
    "updated": 0
  }
]