[
  {
    "data": [
      {
        "text": "Extrude ",
        "userDefined": false
      },
      {
        "text": "5",
        "meta": "@extrude-mm",
        "alias": "mm",
        "userDefined": false
      },
      {
        "text": " millimeters",
        "userDefined": false
      }
    ],
    "isTemplate": false,
    "count": 0,
    "lang": "en",
    "updated": 0
  },
  {
    "data": [
      {
        "text": "Can you extrude ",
        "userDefined": false
      },
      {
        "text": "5",
        "meta": "@extrude-mm",
        "alias": "mm",
        "userDefined": false
      }
    ],
    "isTemplate": false,
    "count": 0,
    "lang": "en",
    "updated": 0
  },
  {
    "data": [
      {
        "text": "Extrude ",
        "userDefined": false
      },
      {
        "text": "10",
        "meta": "@extrude-mm",
        "alias": "mm",
        "userDefined": false
      }
    ],
    "isTemplate": false,
    "count": 0,
    "lang": "en",
    "updated": 0
  },
  {
    "data": [
      {
        "text": "Can you extrude ",
        "userDefined": false
      },
      {
        "text": "20",
        "meta": "@extrude-mm",
        "alias": "mm",
        "userDefined": false
      },
      {
        "text": " ?",
        "userDefined": false
      }
    ],
    "isTemplate": false,
    "count": 0,
    "lang": "en",
    "updated": 0
  },
  {
    "data": [
      {
        "text": "Extrude 50",
        "userDefined": false
      }
    ],
    "isTemplate": false,
    "count": 0,
    "lang": "en",
    "updated": 0
  },
  {
    "data": [
      {
        "text": "Can you extrude ",
        "userDefined": false
      },
      {
        "text": "50",
        "meta": "@extrude-mm",
        "alias": "mm",
        "userDefined": false
      },
      {
        "text": " millimeters",
        "userDefined": false
      }
    ],
    "isTemplate": false,
    "count": 0,
    "lang": "en",
    "updated": 0
  },
  {
    "data": [
      {
        "text": "Can you extrude filament ?",
        "userDefined": false
      }
    ],
    "isTemplate": false,
    "count": 0,
    "lang": "en",
    "updated": 0
  }
]