[
  {
    "id": "a26eb0c9-d0bc-457c-af06-af5446b0f155",
    "data": [
      {
        "text": "percentage",
        "userDefined": false
      }
    ],
    "isTemplate": false,
    "count": 0,
    "lang": "en",
    "updated": 0
  },
  {
    "id": "aecc5f60-7f10-4573-8f8a-e98f85018c9a",
    "data": [
      {
        "text": "I want the percentage",
        "userDefined": false
      }
    ],
    "isTemplate": false,
    "count": 0,
    "lang": "en",
    "updated": 0
  },
  {
    "id": "f71de765-48a6-4f19-ad59-c0e3617a8464",
    "data": [
      {
        "text": "What is the percentage of the print",
        "userDefined": false
      }
    ],
    "isTemplate": false,
    "count": 0,
    "lang": "en",
    "updated": 0
  },
  {
    "id": "b0402840-8b86-411f-8e9f-7a74159a8ee9",
    "data": [
      {
        "text": "What is the percentage",
        "userDefined": false
      }
    ],
    "isTemplate": false,
    "count": 0,
    "lang": "en",
    "updated": 0
  },
  {
    "id": "d2e20a6b-62f4-454e-8a9b-afcf07cc74fe",
    "data": [
      {
        "text": "Can I get the percentage",
        "userDefined": false
      }
    ],
    "isTemplate": false,
    "count": 0,
    "lang": "en",
    "updated": 0
  }
]