[
  {
    "id": "415fc4cb-e6d6-44e6-914e-9a9ead977a0f",
    "data": [
      {
        "text": "What is the temperature ",
        "userDefined": false
      },
      {
        "text": "of",
        "meta": "@sys.ignore",
        "userDefined": true
      },
      {
        "text": " the printer",
        "userDefined": false
      }
    ],
    "isTemplate": false,
    "count": 0,
    "lang": "en",
    "updated": 0
  },
  {
    "id": "a5d60b1c-efc9-444f-ab0b-ac901c8de050",
    "data": [
      {
        "text": "At what temperature is the printer right now",
        "userDefined": false
      }
    ],
    "isTemplate": false,
    "count": 0,
    "lang": "en",
    "updated": 0
  },
  {
    "id": "1dfe7392-26b0-43b4-b141-b1fc541b9996",
    "data": [
      {
        "text": "At what temperature is the printer",
        "userDefined": false
      }
    ],
    "isTemplate": false,
    "count": 0,
    "lang": "en",
    "updated": 0
  },
  {
    "id": "eb9c0a63-137e-4467-adca-6eece0a163c9",
    "data": [
      {
        "text": "What is the temperature",
        "userDefined": false
      }
    ],
    "isTemplate": false,
    "count": 0,
    "lang": "en",
    "updated": 0
  }
]