[
  {
    "id": "afa7bf71-6046-42a4-ab0a-b3b3a1a53e04",
    "data": [
      {
        "text": "can I get my user id",
        "userDefined": false
      }
    ],
    "isTemplate": false,
    "count": 0,
    "lang": "en",
    "updated": 0
  },
  {
    "id": "e215e941-d976-4ce2-9e20-d7cbfb887e84",
    "data": [
      {
        "text": "Give me my user id",
        "userDefined": false
      }
    ],
    "isTemplate": false,
    "count": 0,
    "lang": "en",
    "updated": 0
  },
  {
    "id": "2fe7db9f-fd4c-4b16-956c-a558e8fc74c3",
    "data": [
      {
        "text": "Can I please get the user id",
        "userDefined": false
      }
    ],
    "isTemplate": false,
    "count": 0,
    "lang": "en",
    "updated": 0
  },
  {
    "id": "dcba4d73-e486-4488-8607-ab663e291dc5",
    "data": [
      {
        "text": "Can I get my user id",
        "userDefined": false
      }
    ],
    "isTemplate": false,
    "count": 0,
    "lang": "en",
    "updated": 0
  }
]