[
  {
    "id": "3407fa31-5905-4caa-921d-9b4d3aef57d1",
    "data": [
      {
        "text": "How much time left",
        "userDefined": false
      }
    ],
    "isTemplate": false,
    "count": 0,
    "lang": "en",
    "updated": 0
  },
  {
    "id": "a75879ac-439f-467b-9652-b31fb99925d6",
    "data": [
      {
        "text": "How much time is left in my print",
        "userDefined": false
      }
    ],
    "isTemplate": false,
    "count": 0,
    "lang": "en",
    "updated": 0
  },
  {
    "id": "2496b245-e517-4dae-8a03-4edf5f55c12d",
    "data": [
      {
        "text": "How much time is left in the print",
        "userDefined": false
      }
    ],
    "isTemplate": false,
    "count": 0,
    "lang": "en",
    "updated": 0
  },
  {
    "id": "6ab8d305-dfdd-4d57-bf44-685d15dc0f48",
    "data": [
      {
        "text": "How much time is left",
        "userDefined": false
      }
    ],
    "isTemplate": false,
    "count": 0,
    "lang": "en",
    "updated": 0
  },
  {
    "id": "eb92a5ae-6b4d-4024-9b5c-fc147846bd05",
    "data": [
      {
        "text": "Can I get the time left please",
        "userDefined": false
      }
    ],
    "isTemplate": false,
    "count": 0,
    "lang": "en",
    "updated": 0
  },
  {
    "id": "bc54241c-b50f-40e0-8c5b-0613712fa1e8",
    "data": [
      {
        "text": "Can I get the time left",
        "userDefined": false
      }
    ],
    "isTemplate": false,
    "count": 0,
    "lang": "en",
    "updated": 0
  }
]