[
  {
    "id": "b593dda6-2601-4a01-b3e0-446ebb4aa62b",
    "data": [
      {
        "text": "salut",
        "meta": "@sys.any",
        "alias": "text",
        "userDefined": true
      },
      {
        "text": " from ",
        "userDefined": false
      },
      {
        "text": "French",
        "meta": "@language",
        "alias": "lang-from",
        "userDefined": false
      },
      {
        "text": " ",
        "userDefined": false
      },
      {
        "text": "now",
        "meta": "@sys.ignore",
        "userDefined": false
      }
    ],
    "isTemplate": false,
    "count": 0,
    "lang": "en",
    "updated": 0
  },
  {
    "id": "69b7ed92-a8fd-4cb4-b5d1-4eddd42cd510",
    "data": [
      {
        "text": "how about ",
        "userDefined": false
      },
      {
        "text": "hallo",
        "meta": "@sys.any",
        "alias": "text",
        "userDefined": true
      },
      {
        "text": " from ",
        "userDefined": false
      },
      {
        "text": "German",
        "meta": "@language",
        "alias": "lang-from",
        "userDefined": false
      }
    ],
    "isTemplate": false,
    "count": 0,
    "lang": "en",
    "updated": 0
  },
  {
    "id": "f58b1d5d-5414-4a1c-be73-bf50b2f95e9a",
    "data": [
      {
        "text": "from ",
        "userDefined": false
      },
      {
        "text": "English",
        "meta": "@language",
        "alias": "lang-from",
        "userDefined": true
      }
    ],
    "isTemplate": false,
    "count": 0,
    "lang": "en",
    "updated": 0
  },
  {
    "id": "1d612904-72c3-4573-a158-e971a4e25c97",
    "data": [
      {
        "text": "now from ",
        "userDefined": false
      },
      {
        "text": "Spanish",
        "meta": "@language",
        "alias": "lang-from",
        "userDefined": true
      }
    ],
    "isTemplate": false,
    "count": 0,
    "lang": "en",
    "updated": 0
  }
]