[
  {
    "id": "1ac65e76-9978-4919-ba3c-685c9f2b59f2",
    "data": [
      {
        "text": "hello",
        "meta": "@sys.any",
        "alias": "text",
        "userDefined": true
      }
    ],
    "isTemplate": false,
    "count": 0,
    "lang": "en",
    "updated": 0
  },
  {
    "id": "021cccd6-4e47-441e-b1f5-2e654de764af",
    "data": [
      {
        "text": "je t\u0027aime",
        "meta": "@sys.any",
        "alias": "text",
        "userDefined": true
      }
    ],
    "isTemplate": false,
    "count": 0,
    "lang": "en",
    "updated": 0
  },
  {
    "id": "7d96696f-5b4c-4787-9987-df4f455bef39",
    "data": [
      {
        "text": "now translation ",
        "userDefined": false
      },
      {
        "text": "of what is up",
        "meta": "@sys.any",
        "alias": "text",
        "userDefined": true
      }
    ],
    "isTemplate": false,
    "count": 0,
    "lang": "en",
    "updated": 0
  },
  {
    "id": "8c3348bf-42f0-41dd-8d2b-6482e455b836",
    "data": [
      {
        "text": "now translate ",
        "userDefined": false
      },
      {
        "text": "how are you",
        "meta": "@sys.any",
        "alias": "text",
        "userDefined": true
      }
    ],
    "isTemplate": false,
    "count": 0,
    "lang": "en",
    "updated": 0
  },
  {
    "id": "04040bcc-35d6-4d04-a286-94c31dc7138f",
    "data": [
      {
        "text": "and ",
        "userDefined": false
      },
      {
        "text": "bonjour",
        "meta": "@sys.any",
        "alias": "text",
        "userDefined": true
      }
    ],
    "isTemplate": false,
    "count": 0,
    "lang": "en",
    "updated": 0
  },
  {
    "id": "dc0e1207-3029-43e9-9a9d-0ad108c7113e",
    "data": [
      {
        "text": "I love you",
        "meta": "@sys.any",
        "alias": "text",
        "userDefined": true
      }
    ],
    "isTemplate": false,
    "count": 0,
    "lang": "en",
    "updated": 0
  },
  {
    "id": "fc456b35-bf9d-4200-9a01-70a202dc1027",
    "data": [
      {
        "text": "and ",
        "userDefined": false
      },
      {
        "text": "I love you",
        "meta": "@sys.any",
        "alias": "text",
        "userDefined": true
      }
    ],
    "isTemplate": false,
    "count": 0,
    "lang": "en",
    "updated": 0
  },
  {
    "id": "62367358-f33b-4a12-a0db-4e105d31a2da",
    "data": [
      {
        "text": "now ",
        "userDefined": false
      },
      {
        "text": "what\u0027s up dude",
        "meta": "@sys.any",
        "alias": "text",
        "userDefined": true
      }
    ],
    "isTemplate": false,
    "count": 0,
    "lang": "en",
    "updated": 0
  },
  {
    "id": "08592f1c-300f-4477-813d-226ff7cd0c0c",
    "data": [
      {
        "text": "how to say ",
        "userDefined": false
      },
      {
        "text": "call me tomorrow",
        "meta": "@sys.any",
        "alias": "text",
        "userDefined": true
      }
    ],
    "isTemplate": false,
    "count": 0,
    "lang": "en",
    "updated": 0
  }
]